-- Generated by Oracle SQL Developer Data Modeler 19.2.0.182.1216
--   at:        2019-11-20 11:58:47 EST
--   site:      Oracle Database 12cR2
--   type:      Oracle Database 12cR2



CREATE TABLE department (
    did     TINYINT NOT NULL COMMENT 'Department ID',
    dname   VARCHAR(20) NOT NULL COMMENT 'Department Name',
    dtel    VARCHAR(13) NOT NULL COMMENT 'Department Tel',
    hid     SMALLINT NOT NULL
);

/* Moved to CREATE TABLE
COMMENT ON COLUMN department.did IS
    'Department ID'; */

/* Moved to CREATE TABLE
COMMENT ON COLUMN department.dname IS
    'Department Name'; */

/* Moved to CREATE TABLE
COMMENT ON COLUMN department.dtel IS
    'Department Tel'; */

ALTER TABLE department ADD CONSTRAINT department_pk PRIMARY KEY ( did );

CREATE TABLE disease (
    deid     INT NOT NULL COMMENT 'Disease ID',
    dename   VARCHAR(30) NOT NULL COMMENT 'Disease Name'
);

/* Moved to CREATE TABLE
COMMENT ON COLUMN disease.deid IS
    'Disease ID'; */

/* Moved to CREATE TABLE
COMMENT ON COLUMN disease.dename IS
    'Disease Name'; */

ALTER TABLE disease ADD CONSTRAINT disease_pk PRIMARY KEY ( deid );

CREATE TABLE hospital (
    hid           SMALLINT NOT NULL COMMENT 'Hospital ID',
    hname         VARCHAR(30) NOT NULL COMMENT 'Hospital Name',
    hst_address   VARCHAR(30) NOT NULL COMMENT 'Hospital Address',
    hst_city      VARCHAR(30) NOT NULL COMMENT 'Hospital City',
    hstate        VARCHAR(20) NOT NULL COMMENT 'Hospital State',
    hzip          INT NOT NULL COMMENT 'Hospital Zip Code'
);

/* Moved to CREATE TABLE
COMMENT ON COLUMN hospital.hid IS
    'Hospital ID'; */

/* Moved to CREATE TABLE
COMMENT ON COLUMN hospital.hname IS
    'Hospital Name'; */

/* Moved to CREATE TABLE
COMMENT ON COLUMN hospital.hst_address IS
    'Hospital Address'; */

/* Moved to CREATE TABLE
COMMENT ON COLUMN hospital.hst_city IS
    'Hospital City'; */

/* Moved to CREATE TABLE
COMMENT ON COLUMN hospital.hstate IS
    'Hospital State'; */

/* Moved to CREATE TABLE
COMMENT ON COLUMN hospital.hzip IS
    'Hospital Zip Code'; */

ALTER TABLE hospital ADD CONSTRAINT hospital_pk PRIMARY KEY ( hid );

CREATE TABLE patient (
    pid       BIGINT NOT NULL COMMENT 'Patient ID',
    pfname    VARCHAR(30) NOT NULL COMMENT 'Patient First Name',
    plname    VARCHAR(20) NOT NULL COMMENT 'Patient Last Name',
    pgender   CHAR(1) NOT NULL COMMENT 'Patient Gender',
    pbd       DATETIME NOT NULL COMMENT 'Patient Birthday',
    prace     VARCHAR(20) COMMENT 'Patient Race',
    pstatus   CHAR(1) NOT NULL COMMENT 'Patient Status'
);

/* Moved to CREATE TABLE
COMMENT ON COLUMN patient.pid IS
    'Patient ID'; */

/* Moved to CREATE TABLE
COMMENT ON COLUMN patient.pfname IS
    'Patient First Name'; */

/* Moved to CREATE TABLE
COMMENT ON COLUMN patient.plname IS
    'Patient Last Name'; */

/* Moved to CREATE TABLE
COMMENT ON COLUMN patient.pgender IS
    'Patient Gender'; */

/* Moved to CREATE TABLE
COMMENT ON COLUMN patient.pbd IS
    'Patient Birthday'; */

/* Moved to CREATE TABLE
COMMENT ON COLUMN patient.prace IS
    'Patient Race'; */

/* Moved to CREATE TABLE
COMMENT ON COLUMN patient.pstatus IS
    'Patient Status'; */

ALTER TABLE patient ADD CONSTRAINT patient_pk PRIMARY KEY ( pid );

CREATE TABLE patient_treatment (
    tdate     DATETIME NOT NULL COMMENT 'Treatment Date',
    tfreq     BIGINT NOT NULL COMMENT 'Treatment Frequency',
    tstatus   CHAR(1) COMMENT 'Treatment Status',
    phid      INT NOT NULL,
    pid       BIGINT NOT NULL,
    tid       BIGINT NOT NULL
);

/* Moved to CREATE TABLE
COMMENT ON COLUMN patient_treatment.tdate IS
    'Treatment Date'; */

/* Moved to CREATE TABLE
COMMENT ON COLUMN patient_treatment.tfreq IS
    'Treatment Frequency'; */

/* Moved to CREATE TABLE
COMMENT ON COLUMN patient_treatment.tstatus IS
    'Treatment Status'; */

ALTER TABLE patient_treatment
    ADD CONSTRAINT patient_treatment_pk PRIMARY KEY ( tdate,
                                                      tfreq,
                                                      phid,
                                                      pid,
                                                      tid );

CREATE TABLE physician (
    phid      INT NOT NULL COMMENT 'Physician ID',
    phfname   VARCHAR(30) NOT NULL COMMENT 'Physician Full Name',
    phtel     VARCHAR(13) NOT NULL COMMENT 'Physician Tel',
    phspl     VARCHAR(30) NOT NULL COMMENT 'Physicial SPL',
    hid       SMALLINT NOT NULL
);

/* Moved to CREATE TABLE
COMMENT ON COLUMN physician.phid IS
    'Physician ID'; */

/* Moved to CREATE TABLE
COMMENT ON COLUMN physician.phfname IS
    'Physician Full Name'; */

/* Moved to CREATE TABLE
COMMENT ON COLUMN physician.phtel IS
    'Physician Tel'; */

/* Moved to CREATE TABLE
COMMENT ON COLUMN physician.phspl IS
    'Physicial SPL'; */

ALTER TABLE physician ADD CONSTRAINT physician_pk PRIMARY KEY ( phid );

CREATE TABLE treatment (
    tid     BIGINT NOT NULL COMMENT 'Treatment ID',
    tname   VARCHAR(50) NOT NULL COMMENT 'Treatment Name',
    ttype   VARCHAR(10) NOT NULL COMMENT 'Treatment Type',
    deid    INT NOT NULL
);

/* Moved to CREATE TABLE
COMMENT ON COLUMN treatment.tid IS
    'Treatment ID'; */

/* Moved to CREATE TABLE
COMMENT ON COLUMN treatment.tname IS
    'Treatment Name'; */

/* Moved to CREATE TABLE
COMMENT ON COLUMN treatment.ttype IS
    'Treatment Type'; */

ALTER TABLE treatment ADD CONSTRAINT treatment_pk PRIMARY KEY ( tid );

CREATE TABLE users (
    `UID`    SMALLINT NOT NULL COMMENT 'User ID',
    ufname   VARCHAR(20) NOT NULL COMMENT 'User First Name',
    ulname   VARCHAR(20) NOT NULL COMMENT 'User Last Name',
    urole    VARCHAR(20) NOT NULL COMMENT 'User Role',
    did      TINYINT NOT NULL
);

/* Moved to CREATE TABLE
COMMENT ON COLUMN users."UID" IS
    'User ID'; */

/* Moved to CREATE TABLE
COMMENT ON COLUMN users.ufname IS
    'User First Name'; */

/* Moved to CREATE TABLE
COMMENT ON COLUMN users.ulname IS
    'User Last Name'; */

/* Moved to CREATE TABLE
COMMENT ON COLUMN users.urole IS
    'User Role'; */

ALTER TABLE users ADD CONSTRAINT user_pk PRIMARY KEY ( `UID` );

ALTER TABLE department
    ADD CONSTRAINT department_hospital_fk FOREIGN KEY ( hid )
        REFERENCES hospital ( hid );

ALTER TABLE patient_treatment
    ADD CONSTRAINT patient_treatment_patient_fk FOREIGN KEY ( pid )
        REFERENCES patient ( pid );

ALTER TABLE patient_treatment
    ADD CONSTRAINT patient_treatment_physician_fk FOREIGN KEY ( phid )
        REFERENCES physician ( phid );

ALTER TABLE patient_treatment
    ADD CONSTRAINT patient_treatment_treatment_fk FOREIGN KEY ( tid )
        REFERENCES treatment ( tid );

ALTER TABLE physician
    ADD CONSTRAINT physician_hospital_fk FOREIGN KEY ( hid )
        REFERENCES hospital ( hid );

ALTER TABLE treatment
    ADD CONSTRAINT treatment_disease_fk FOREIGN KEY ( deid )
        REFERENCES disease ( deid );

ALTER TABLE users
    ADD CONSTRAINT user_department_fk FOREIGN KEY ( did )
        REFERENCES department ( did );



-- Oracle SQL Developer Data Modeler Summary Report: 
-- 
-- CREATE TABLE                             8
-- CREATE INDEX                             0
-- ALTER TABLE                             15
-- CREATE VIEW                              0
-- ALTER VIEW                               0
-- CREATE PACKAGE                           0
-- CREATE PACKAGE BODY                      0
-- CREATE PROCEDURE                         0
-- CREATE FUNCTION                          0
-- CREATE TRIGGER                           0
-- ALTER TRIGGER                            0
-- CREATE COLLECTION TYPE                   0
-- CREATE STRUCTURED TYPE                   0
-- CREATE STRUCTURED TYPE BODY              0
-- CREATE CLUSTER                           0
-- CREATE CONTEXT                           0
-- CREATE DATABASE                          0
-- CREATE DIMENSION                         0
-- CREATE DIRECTORY                         0
-- CREATE DISK GROUP                        0
-- CREATE ROLE                              0
-- CREATE ROLLBACK SEGMENT                  0
-- CREATE SEQUENCE                          0
-- CREATE MATERIALIZED VIEW                 0
-- CREATE MATERIALIZED VIEW LOG             0
-- CREATE SYNONYM                           0
-- CREATE TABLESPACE                        0
-- CREATE USER                              0
-- 
-- DROP TABLESPACE                          0
-- DROP DATABASE                            0
-- 
-- REDACTION POLICY                         0
-- 
-- ORDS DROP SCHEMA                         0
-- ORDS ENABLE SCHEMA                       0
-- ORDS ENABLE OBJECT                       0
-- 
-- ERRORS                                   0
-- WARNINGS                                 0

-- Hospital data
insert into hospital values (101,'ABC Hospital', '7 Washington St','Melville','NY',11770);
insert into hospital values (102,'JAY Hospital', '8  New York Ave','Huntington','NY',11570);
insert into hospital values (103,'FirstCare Hospital', '2351 Main St','Hicksville','NY',11530);
insert into hospital values (104,'Wellness Hospital', '100 Wood Ave','Smithtown','NY',11450);
insert into hospital values (105,'JFK Hospital', '1233 Miller Place','Westbury','NY',11370);
insert into hospital values (106,'WDCARH Hospital', '530 James St','Long Beach','NY',11444);

-- Department data
insert into Department values (10,'Registration','999-999-9999',101);
insert into Department values (11,'Registration','999-999-9999',106);
insert into Department values (12,'Registration','999-999-9999',103);
insert into Department values (13,'Academic','999-999-9999',106);
insert into Department values (14,'Research','999-999-9999',106);
insert into Department values (15,'Billing','999-999-9999',104);
insert into Department values (16,'Disease Control','999-999-9999',105);
insert into Department values (17,'Preventive Care','999-999-9999',102);
insert into Department values (18,'Surgery','999-999-9999',102);

-- User data
insert into users values (1001,'KEVIN','WANG','DBA',11);
insert into users values (1002,'JIM','GALE','BA',12);
insert into users values (1003,'JIN','MA','RESEARCHER',14);
insert into users values (1004,'JOHN','MILLER','PROFESSOR',13);
insert into users values (1005,'ROBERT','GILSON','MANAGER',15);
insert into users values (1006,'JASON','RIGHT','DBA',16);
insert into users values (1007,'ANDY','CHANG','EXECUTIVE',18);
insert into users values (1008,'JESSICA','ROCKS','MANAGER',17);
insert into users values (1009,'LILY','LUE','DBA',18);
insert into users values (1010,'ALLYSA','SONG','MANAGER',13);

-- Physician Data

insert into physician values ( 10001, upper('JENYS'),'888-888-8888',upper('Psychiatry'),101);
insert into physician values ( 10002, upper('Henry'),'888-888-8888',upper('Cardiology'),102);
insert into physician values ( 10003, upper('Edward'), '888-888-8888',upper('Internal Medicine'),103);
insert into physician values ( 10004, upper('Alvaro'), '888-888-8888',upper('Cardiology'),104);
insert into physician values ( 10005, upper('William'), '888-888-8888',upper('Gynecology'),105);
insert into physician values ( 10006, upper('Naveen'), '888-888-8888',upper('Plastic Surgery'),106);
insert into physician values ( 10007, upper('Kishan'), '888-888-8888',upper('Nephrology'),101);
insert into physician values ( 10008, upper('Alexander'), '888-888-8888',upper('General Surgery'),102);
insert into physician values ( 10009, upper('Elana'), '888-888-8888',upper('Pediatrics'),103);
insert into physician values ( 10010, upper('Richard'), '888-888-8888',upper('Cardiology'),104);
insert into physician values ( 10011, upper('Jason'), '888-888-8888',upper('Psychiatry'),105);
insert into physician values ( 10012, upper('Ranjana'), '888-888-8888',upper('Gynecology'),106);

-- Disease Data

insert into disease values (100001,'RHEUMATIC FEVER');
insert into disease values (100002,'PULMONARY OEDEMA');
insert into disease values (100003,'HEART BLOCK ');
insert into disease values (100004,'ACUTE CORONARY SYNDROMES');
insert into disease values (100005,'PARASITE INFECTION');
insert into disease values (100006,'FUNGAL SKIN INFECTIONS');
insert into disease values (100007,'BACTERIAL SKIN INFECTION');
insert into disease values (100008,'OTHER SKIN DISEASES');
insert into disease values (100009,'GYNAECOLOGICAL MALIGNANCIES');
insert into disease values (100010,'CANCERS OF THE SKIN');
insert into disease values (100011,'GASTROINTESTINAL MALIGNANCIES');
insert into disease values (100012,'BREAST CANCER');
insert into disease values (100013,'GENITO-URINARY MALIGNANCY');
insert into disease values (100014,'PAEDIATRIC MALIGNANCY');
insert into disease values (100015,'ANAEMIA DURING PREGNANCY');
insert into disease values (100016,'DIABETES IN PREGNANCY');
insert into disease values (100017,'PREGNANCY AND LACTATION');
insert into disease values (100018,'KIDNEY DISEASES');
insert into disease values (100019,'MENTAL CONDITIONS');
insert into disease values (100020,'HYPERTENSION');

-- Treatment Data

insert into treatment values ( 1000001,'Benzathine Penicillin 1.2MU','PHARMA',100001);
insert into treatment values ( 1000002,'BPenicillin V (PO) 250mg','PHARMA',100001);
insert into treatment values ( 1000003,'Erythromycin 250mg 12hourly','PHARMA',100001);
insert into treatment values ( 1000004,'Furosemide ?20 ?80mg','PHARMA',100002);
insert into treatment values ( 1000005,'Dialysis if renal failure','PROCEDURE',100002);
insert into treatment values ( 1000006,'Morphine 10?5 mg IM','PHARMA',100003);
insert into treatment values ( 1000007,'Adrenaline 1:10 000,5mL','PHARMA',100003);
insert into treatment values ( 1000008,'Admit ICU or CCU for monitoring','PROCEDURE',100004);
insert into treatment values ( 1000009,'ECG monitor & rhythm strip','PROCEDURE',100004);
insert into treatment values ( 1000010,'Flucloxacillin  500mg','PHARMA',100005);
insert into treatment values ( 1000011,'Miconazole cream 2%','PHARMA',100006);
insert into treatment values ( 1000012,'Benzoyl Benzoate Emulsion 25%','PHARMA',100007);
insert into treatment values ( 1000013,'Co-trimoxazole 960 mg','PHARMA',100008);
insert into treatment values ( 1000014,'Identify and treat specific cause','SURGERY',100012);
insert into treatment values ( 1000015,'Transplant','SURGERY',100018);

-- Patient Data

insert into patient values (900000001, 'JUN','WANG','M',SYSDATE()-7200,'ASIAN','M');
insert into patient values (900000002, 'MICHAEL','SONG','M',SYSDATE()-6200,'ASIAN','M');
insert into patient values (900000003, 'JESSICA','SMITH','F',SYSDATE()-8200,'AFRICAN','M');
insert into patient values (900000004, 'JULIA','BROWN','F',SYSDATE()-8000,'AFRICAN','W');
insert into patient values (900000005, 'TINA','DAVIS','F',SYSDATE()-6000,'AFRICAN','S');
insert into patient values (900000006, 'HOSE','FLORES','M',SYSDATE()-65000,'LATINO','M');
insert into patient values (900000007, 'SAM','FLORES','M',SYSDATE()-75000,'LATINO','W');
insert into patient values (900000008, 'JOHN','HAMIAN','M',SYSDATE()-55000,'AFRICAN','M');
insert into patient values (900000009, 'JAMES','GOLEY','M',SYSDATE()-52000,'LATINO','M');
insert into patient values (900000010, 'NATASHA','SERGIO','F',SYSDATE()-42000,'LATINO','S');
insert into patient values (900000011, 'OLIVER','SERGIO','M',SYSDATE()-52000,'LATINO','M');
insert into patient values (900000012, 'PEDRO','MUCHANO','M',SYSDATE()-82000,'LATINO','W');
insert into patient values (900000013, 'FENG','CAO','F',SYSDATE()-6200,'ASIAN','M');

-- Patient_Treatment Data

insert into patient_treatment values (sysdate()-200,1,'R',900000001,1000001,10001);
insert into patient_treatment values (sysdate()-200,2,'R',900000001,1000001,10001);
insert into patient_treatment values (sysdate()-200,3,'R',900000001,1000001,10001);
insert into patient_treatment values (sysdate()-201,1,'R',900000001,1000001,10001);
insert into patient_treatment values (sysdate()-201,2,'R',900000001,1000001,10001);
insert into patient_treatment values (sysdate()-201,3,'R',900000001,1000001,10001);
insert into patient_treatment values (sysdate()-190,1,'S',900000002,1000002,10002);
insert into patient_treatment values (sysdate()-195,1,'F',900000003,1000003,10003);
insert into patient_treatment values (sysdate()-196,1,'F',900000004,1000003,10003);
insert into patient_treatment values (sysdate()-196,1,'R',900000005,1000004,10004);
insert into patient_treatment values (sysdate()-196,2,'R',900000005,1000004,10004);
insert into patient_treatment values (sysdate()-196,3,'R',900000005,1000004,10004);
insert into patient_treatment values (sysdate()-196,4,'R',900000005,1000004,10004);
insert into patient_treatment values (sysdate()-196,5,'R',900000005,1000004,10004);
insert into patient_treatment values (sysdate()-210,1,'S',900000006,1000005,10005);
insert into patient_treatment values (sysdate()-210,1,'S',900000006,1000006,10005);
insert into patient_treatment values (sysdate()-220,1,'R',900000007,1000006,10006);
insert into patient_treatment values (sysdate()-220,2,'R',900000007,1000006,10006);
insert into patient_treatment values (sysdate()-220,3,'R',900000007,1000006,10006);
insert into patient_treatment values (sysdate()-220,4,'R',900000007,1000006,10006);
insert into patient_treatment values (sysdate()-220,5,'R',900000007,1000006,10006);
insert into patient_treatment values (sysdate()-220,6,'R',900000007,1000006,10006);
insert into patient_treatment values (sysdate()-220,7,'R',900000007,1000006,10006);
insert into patient_treatment values (sysdate()-240,1,'S',900000008,1000007,10007);
insert into patient_treatment values (sysdate()-245,1,'S',900000009,1000008,10008);
insert into patient_treatment values (sysdate()-255,1,'S',900000010,1000009,10009);
insert into patient_treatment values (sysdate()-250,1,'R',900000011,1000010,10010);
insert into patient_treatment values (sysdate()-250,2,'R',900000011,1000010,10010);
insert into patient_treatment values (sysdate()-250,3,'R',900000011,1000010,10010);
insert into patient_treatment values (sysdate()-250,4,'R',900000011,1000010,10010);
insert into patient_treatment values (sysdate()-251,1,'F',900000011,1000014,10010);
insert into patient_treatment values (sysdate()-251,1,'S',900000013,1000015,10008);
insert into patient_treatment values (sysdate()-252,1,'R',900000012,1000013,10012);
insert into patient_treatment values (sysdate()-252,2,'R',900000012,1000013,10012);
insert into patient_treatment values (sysdate()-252,3,'R',900000012,1000013,10012);

COMMIT;


